{
    "KNN": 0.9,
    "SVM": 0.9,
    "Random Forest": 0.8166666666666668,
    "Logistic Regression": 0.8666666666666668,
    "MLP": 0.8666666666666668
}