{
    "KNN": 0.9833333333333334,
    "SVM": 0.9833333333333334,
    "Random Forest": 0.9666666666666668,
    "Logistic Regression": 0.9833333333333334,
    "MLP": 0.9833333333333334
}