{
    "KNN": 1.0,
    "SVM": 0.9833333333333334,
    "MLP": 0.9833333333333334
}