{
    "KNN": 1.0,
    "SVM": 0.9888888888888889,
    "MLP": 0.9833333333333334
}